13823	Whole	"аппетит """	8	16	neutral
13823	Service	встретил	138	146	neutral
13823	Service	менеджер	147	155	neutral
13823	Service	девушка	179	186	neutral
13823	Service	проводила к столу	188	205	both
13823	Service	дала меню	208	217	negative
13823	Service	официантка	242	252	negative
13823	Service	приняла заказ	254	267	both
13823	Whole	ресторан	337	345	neutral
13823	Whole	заведения	431	440	positive
13823	Food	Бизнес ланч	495	506	negative
13823	Price	цене	582	586	positive
13823	Whole	место	610	615	positive
13823	Food	меню	639	643	positive
13823	Price	цены	656	660	positive
13823	Food	качество	671	679	positive
13823	Service	обслуживания	680	692	positive
13823	Whole	заведению	735	744	neutral
1427	Whole	заведение	27	36	negative
1427	Food	ужинали	113	120	neutral
1427	Service	обслуживанием	169	182	neutral
1427	Whole	посещение	205	214	neutral
1427	Whole	заведения	222	231	neutral
1427	Service	встретил	394	402	neutral
1427	Service	молодой человек	407	422	neutral
1427	Service	Проводила	475	484	neutral
1427	Service	девушка	504	511	negative
1427	Service	администратор	566	579	negative
1427	Service	подала меню	589	600	negative
1427	Service	налили	630	636	neutral
1427	Food	воды	658	662	neutral
1427	Service	Обслуживание	784	796	neutral
1427	Food	покушать	853	861	neutral
1427	Service	администратор	913	926	positive
1427	Service	официантам	1022	1032	neutral
1427	Service	молодой человек	1052	1067	neutral
1427	Interior	музыка	1115	1121	negative
1427	Service	девушке	1177	1184	positive
1427	Interior	атмосферу	1197	1206	positive
1427	Service	молодому	1209	1217	positive
1427	Service	сотрудников	1234	1245	negative
1427	Whole	заведениях	1275	1285	both
16714	Service	заказывали столик	27	44	both
16714	Food	кухню	118	123	neutral
16714	Food	шашлык по азейрбаджански ( из баранины )	136	174	neutral
16714	Whole	хачипури Имеритенское	176	197	positive
16714	Food	салат Байрам	199	211	neutral
16714	Food	овощи на гриле	214	228	neutral
16714	Whole	Хачипури	230	238	both
16714	Food	сыра	282	286	neutral
16714	Food	Салат	315	320	positive
16714	Food	баранина	339	347	positive
16714	Food	овощи	350	355	positive
16714	Service	Сервис	373	379	neutral
16714	Service	Официант	412	420	neutral
16714	Interior	Интерьер	472	480	neutral
16714	Food	обеда	559	564	neutral
16714	Service	администратору	658	672	both
16714	Service	сервис	782	788	positive
797	Food	чаю	96	99	neutral
797	Food	вина	102	106	neutral
797	Service	официантка	143	153	neutral
797	Service	официантка	313	323	neutral
797	Service	работников	375	385	neutral
34710	Service	обслуживание	30	42	positive
34710	Service	обслужили	86	95	neutral
34710	Service	дали меню	106	115	both
34710	Service	несли напитки	129	142	neutral
34710	Service	принесли	153	161	neutral
34710	Food	салат	162	167	negative
34710	Service	отношение	234	243	negative
34710	Service	официантов	244	254	negative
34710	Service	официантка	285	295	neutral
34710	Food	меню ланча	367	377	negative
34710	Food	меню	387	391	negative
34710	Service	официантка	442	452	neutral
34710	Food	столу	474	479	neutral
34710	Food	супа	573	577	negative
34710	Service	принесла	578	586	negative
34710	Food	Напитки	618	625	neutral
34710	Food	напитки	680	687	neutral
34710	Food	кухня	718	723	positive
34710	Food	кеталонский крем	734	750	positive
34710	Service	официантов	776	786	neutral
33798	Whole	ресторана	23	32	neutral
33798	Food	поесть	114	120	positive
33798	Whole	провести вечер	131	145	positive
33798	Food	меню	167	171	negative
33798	Food	Паста и	278	285	neutral
33798	Food	суши	286	290	positive
33798	Food	блюда на гриле	325	339	neutral
33798	Food	еде	352	355	neutral
33798	Interior	интерьер	378	386	positive
33798	Service	Официанты	409	418	neutral
33798	Whole	ресторан	479	487	positive
2073	Food	""" ресторане """	30	41	neutral
2073	Whole	заведению	97	106	neutral
2073	Whole	вечер	116	121	negative
2073	Interior	интерьер	223	231	positive
2073	Food	кухня	242	247	positive
2073	Service	обслуживания	314	326	negative
2073	Whole	ресторан	354	362	neutral
2073	Service	официантка	377	387	neutral
2073	Food	закуску	733	740	neutral
2073	Food	оливки	769	775	neutral
2073	Interior	музыка	905	911	neutral
2073	Interior	голосом	938	945	positive
2073	Whole	ресторан	1179	1187	neutral
785	Whole	Ресторан	69	77	positive
785	Interior	интерьер	90	98	positive
785	Whole	места	115	120	positive
785	Interior	украсили	122	130	positive
785	Food	меню	153	157	negative
785	Food	Меню	176	180	negative
785	Interior	столы	236	241	both
785	Food	виды блюд	334	343	neutral
785	Food	торта	358	363	neutral
785	Service	администратор	416	429	both
785	Service	советы	526	532	positive
1434	Whole	ресторан	72	80	neutral
1434	Interior	интерьер	140	148	neutral
1434	Whole	место	223	228	positive
1434	Service	Обслуживающий персонал	230	252	positive
1434	Service	официанту	276	285	negative
1434	Food	кухней	342	348	neutral
1434	Food	кокосовый суп с морепродуктами	474	504	neutral
1434	Food	блюда	602	607	positive
1434	Food	салат с апельсинами , рукколой и лососем	626	665	negative
1434	Food	десерт	672	678	neutral
1434	Food	манговый мусс	688	701	neutral
1434	Food	лимонный десерт	704	719	neutral
1434	Whole	заведение	809	818	negative
22386	Price	Ценник	86	92	neutral
22386	Food	выбор	117	122	neutral
22386	Food	салатов	123	130	neutral
22386	Food	блюд	134	138	neutral
22386	Food	соленья	163	170	neutral
22386	Food	кармашки с грибами и рыбой	172	198	neutral
22386	Food	жареный камамбер	200	216	neutral
22386	Food	шашлык из свинины	218	235	neutral
22386	Food	свинину с моцареллой и грибами	237	267	neutral
22386	Food	угря	269	273	negative
22386	Food	порции	292	298	positive
22386	Service	официантки	348	358	negative
22386	Food	Блюда	360	365	neutral
22386	Food	булочками	510	519	negative
22386	Service	официантка	589	599	neutral
32442	Whole	ресторане « Кирочный Двор »	19	44	neutral
32442	Service	сотрудникам	88	99	positive
32442	Whole	заведения	108	117	positive
32442	Interior	места для	180	189	positive
32442	Service	Администраторы	248	262	neutral
32442	Interior	оформлением	277	288	positive
32442	Service	ведущих	304	311	negative
32442	Food	Меню	347	351	neutral
32442	Food	выбор блюд	438	448	positive
32442	Food	порции	458	464	neutral
15423	Whole	заведение	7	16	negative
15423	Service	персонала	129	138	neutral
15423	Food	кухни	309	314	neutral
15423	Food	готовят	319	326	neutral
15423	Food	стейки из говядины и лосося	383	410	neutral
15423	Food	японская кухня	474	488	negative
15423	Food	роллы	493	498	negative
15423	Service	обслуживание	543	555	positive
15423	Service	обслуживание	645	657	positive
15423	Service	посоветует	666	676	neutral
15423	Service	ответит	679	686	neutral
15423	Service	девушка	707	714	neutral
7193	Whole	место	19	24	positive
7193	Food	перекусить	78	88	positive
7193	Service	Официанты	169	178	both
7193	Service	Официанты	256	265	positive
7193	Food	Еды	321	324	negative
7193	Whole	место	378	383	positive
7193	Food	пообедать	422	431	neutral
13100	Service	заказал столик	69	83	neutral
13100	Interior	веранда	136	143	neutral
13100	Service	девушка хостесс	186	201	neutral
13100	Service	встретила	202	211	positive
13100	Service	проводила к	214	225	positive
13100	Service	Обслуживал	242	252	neutral
13100	Service	молодой человек	253	268	neutral
13100	Food	блюд	286	290	neutral
13100	Food	сациви(	359	366	both
13100	Food	вкус	417	421	neutral
13100	Food	хачапури по-мегрельски	423	445	neutral
13100	Food	сырная пицца	456	468	positive
13100	Food	блюда на мангале	473	489	neutral
13100	Food	закуски	515	522	neutral
13100	Food	салаты	525	531	neutral
13100	Food	десерт	564	570	neutral
13100	Food	Наполеон	595	603	positive
13100	Food	пробовала	604	613	neutral
13100	Service	приговаривала	620	633	neutral
13100	Food	бараньи яички	683	696	positive
13100	Food	вкус	747	751	negative
13100	Food	повара	809	815	positive
13100	Service	Официант	824	832	neutral
13100	Food	кухню	928	933	neutral
13100	Service	обслуживание	953	965	negative
13100	Interior	Интерьер	966	974	neutral
13100	Interior	туалет	999	1005	positive
13100	Food	еды	1091	1094	neutral
35635	Whole	ресторан 'Хутор Водограй'	99	124	neutral
35635	Food	кухня	150	155	both
35635	Service	обслуживание	159	171	neutral
35635	Interior	атмосфера	173	182	neutral
35635	Interior	настроение	185	195	neutral
35635	Service	дал меню	499	507	negative
35635	Service	официанта	531	540	neutral
35635	Service	руководителей	631	644	neutral
35635	Whole	ресторан	694	702	neutral
35635	Service	официант	773	781	both
35635	Food	поели	901	906	negative
35635	Food	пирожков	959	967	positive
35635	Service	работы	990	996	neutral
35635	Service	официант	1116	1124	negative
35635	Whole	рестораном	1206	1216	neutral
35635	Whole	ресторан	1284	1292	positive
2107	Whole	заведение	21	30	both
2107	Service	официанта	170	179	neutral
2107	Food	Чай	210	213	neutral
2107	Food	салат	287	292	both
2107	Food	горячее	325	332	both
2107	Food	блюдо	446	451	positive
2107	Food	овощи , приготовленные на углях	499	529	negative
2107	Food	приготовить	545	556	positive
2107	Service	официанту	599	608	positive
2107	Food	Порции	610	616	neutral
2107	Food	порцией	691	698	negative
36085	Whole	заведении	88	97	negative
36085	Whole	кафе	187	191	positive
36085	Interior	интерьер	209	217	neutral
36085	Food	блюда	237	242	neutral
36085	Food	вода	244	248	neutral
36085	Service	персонал	310	318	positive
36085	Whole	Mon Petit Cafe	470	484	neutral
7824	Whole	ресторане	19	28	neutral
7824	Whole	месте	96	101	neutral
7824	Food	кухней	112	118	both
7824	Whole	заведении	310	319	negative
7824	Food	кухни	354	359	neutral
7824	Food	салатов	374	381	negative
7824	Food	салата цезарь	391	404	negative
7824	Food	соус	425	429	neutral
7824	Food	курица	441	447	neutral
7824	Food	салат с авокадо	468	483	negative
7824	Food	манты	532	537	neutral
7824	Food	десерты	646	653	positive
7824	Food	Пирожные	655	663	neutral
7824	Food	торт из шоколада	688	704	neutral
7824	Whole	ресторана	719	728	negative
7824	Whole	еда+	777	781	negative
7824	Food	алкогольному коктейлю	804	825	neutral
34045	Whole	кафе	34	38	neutral
34045	Food	Кухня	98	103	both
34045	Service	Обслуживание	197	209	positive
34045	Service	персонал	229	237	positive
34045	Whole	кафе	305	309	neutral
34045	Food	попить	340	346	neutral
34045	Food	кофе	347	351	neutral
34045	Interior	обстановке	364	374	neutral
11421	Whole	ресторане	12	21	neutral
11421	Food	Ужинали	72	79	neutral
11421	Service	обслуживание	111	123	neutral
11421	Service	приносили - уносили	129	146	positive
11421	Food	выбор в меню	182	194	neutral
11421	Food	разнообразия блюд	246	263	neutral
11421	Food	кухне	290	295	positive
11421	Interior	музыка	385	391	positive
11421	Whole	ресторан	427	435	positive
36126	Interior	помещение	357	366	negative
36126	Interior	зале	388	392	both
36126	Food	кухня	410	415	positive
36126	Interior	внешний вид стола	419	436	neutral
36126	Service	сотрудники	465	475	positive
36126	Service	администратор	478	491	positive
36126	Service	заказ	528	533	both
36126	Service	официант Мария	544	558	negative
36126	Service	работа	560	566	negative
36126	Service	приносила	620	629	both
36126	Service	уносила	632	639	neutral
36126	Service	советовала	675	685	neutral
36126	Whole	ресторанах	723	733	neutral
36126	Service	обслуживание	738	750	neutral
36126	Whole	ресторан	848	856	neutral
13186	Whole	ресторане Волна	30	45	neutral
13186	Service	девушка	72	79	neutral
13186	Service	предложила	80	90	positive
13186	Food	вина	125	129	neutral
13186	Service	официантки	151	161	neutral
13186	Food	вином	168	173	neutral
13186	Whole	ресторане	208	217	neutral
13186	Service	официанты	218	227	neutral
13186	Food	вино	248	252	neutral
13186	Food	бытылочку вина	290	304	neutral
13186	Food	салат из рукколы с печеным картофелем	330	367	neutral
13186	Food	гребешки со спаржей	370	389	neutral
13186	Food	салатом	413	420	neutral
13186	Service	шеф-повара	444	454	positive
13186	Food	салат	488	493	neutral
13186	Food	салат	529	534	both
13186	Food	гребешки	556	564	neutral
13186	Service	ждала	567	572	neutral
13186	Food	десерт	587	593	neutral
13186	Interior	атмосфера	629	638	neutral
13186	Food	2ом	662	665	negative
9721	Whole	ресторане	29	38	neutral
9721	Whole	ресторан	105	113	positive
9721	Interior	интерьер	146	154	positive
9721	Whole	ресторанах	175	185	neutral
9721	Whole	ресторан	261	269	neutral
9721	Service	персонал	295	303	positive
9721	Service	Официанты	305	314	positive
9721	Food	блюд	356	360	neutral
9721	Food	еде	383	386	neutral
9721	Food	крем-суп из лосося	487	505	both
9721	Food	равиолли с грибами	508	526	neutral
9721	Food	Порции	528	534	neutral
9721	Whole	ресторане Roll & Roll	564	585	neutral
9721	Food	блюда	626	631	positive
9721	Whole	ресторане	690	699	neutral
9721	Food	выбор алкоголя	720	734	neutral
9721	Price	ценам	747	752	neutral
9721	Food	разливного пива	767	782	neutral
9721	Food	винная карта	794	806	neutral
9721	Food	коктейли	848	856	neutral
9721	Food	приготовленные	858	872	neutral
9721	Food	Ресторан Roll & Roll	883	903	neutral
28083	Whole	ресторан	12	20	neutral
28083	Whole	паулайнере	174	184	neutral
28083	Service	обслуживание	228	240	positive
28083	Food	кухня	251	256	positive
28083	Food	пиво	262	266	negative
28083	Service	персонал	437	445	positive
28083	Service	обслуживала	492	503	neutral
28083	Service	девушка	515	522	neutral
28083	Service	девушка	592	599	positive
28083	Service	горячее принесли	832	848	positive
28083	Whole	впечатления	929	940	positive
30744	Service	заказ приносили	101	116	neutral
30744	Food	пивом	150	155	neutral
30744	Food	Гриль	177	182	positive
30744	Food	пиво	199	203	positive
30744	Food	выбор	220	225	neutral
30744	Food	вина	226	230	neutral
30744	Food	пива	257	261	neutral
30744	Service	сервиса	311	318	neutral
30744	Food	кухни	323	328	neutral
30744	Interior	атмосферы	334	343	neutral
30744	Interior	музыка	381	387	positive
3976	Whole	ресторане	71	80	neutral
3976	Whole	ресторанах	198	208	neutral
3976	Whole	ресторане	256	265	neutral
3976	Service	Столик бронировали	267	285	neutral
3976	Service	администратор	322	335	neutral
3976	Service	предварительный заказ	349	370	negative
3976	Whole	ресторан	413	421	positive
3976	Service	совет	433	438	neutral
3976	Whole	ресторане	476	485	positive
3976	Food	горячее блюдо	524	537	neutral
3976	Service	ждать	544	549	neutral
3976	Food	Меню	564	568	neutral
3976	Service	Обслуживание	688	700	neutral
3976	Service	официанты	739	748	neutral
3976	Interior	Интерьер	854	862	positive
3976	Interior	диваны	880	886	positive
3976	Interior	музыкальная программа	901	922	neutral
3976	Service	ведущий	933	940	neutral
3976	Whole	ресторан	1019	1027	positive
3976	Food	кухня	1038	1043	positive
27040	Service	обслуживание	124	136	positive
27040	Service	официант	159	167	positive
27040	Food	кальян	259	265	positive
27040	Food	закуски - крылья	284	298	positive
27040	Food	сырные шарики	300	313	neutral
27040	Food	фрукты	315	321	neutral
33591	Whole	кафе	9	13	neutral
33591	Food	еда	107	110	both
33591	Food	блюда	120	125	neutral
33591	Interior	обстановка	127	137	positive
33591	Service	администратор	148	161	positive
33591	Whole	кафе	191	195	neutral
33591	Price	цены	210	214	neutral
33591	Food	хачапури с сыром	349	365	neutral
33591	Food	лосось	375	381	negative
33591	Food	кусок	383	388	negative
33591	Food	еды	437	440	negative
33591	Interior	верхнем	645	652	positive
33591	Food	кальян	730	736	both
33591	Whole	место	764	769	positive
33591	Interior	обстановке	889	899	neutral
28258	Food	поужинать	16	25	negative
28258	Service	встретил	69	77	neutral
28258	Service	парковщик	78	87	neutral
28258	Service	помог	89	94	neutral
28258	Service	поприветствовал	144	159	positive
28258	Whole	Интерьер ресторана	161	179	positive
28258	Interior	дизайн	208	214	positive
28258	Service	обслуживала	270	281	positive
28258	Service	девушка	291	298	positive
28258	Food	пасты	392	397	positive
28258	Food	состав	418	424	neutral
28258	Food	приготовления блюда	434	453	neutral
28258	Food	суши	527	531	neutral
28258	Food	вок	533	536	neutral
28258	Food	пасты	538	543	neutral
28258	Food	Дизайн меню	551	562	neutral
28258	Interior	дизайнеры	575	584	positive
28258	Food	крем суп из белых грибов	600	624	negative
28258	Food	пенне с уткой	645	658	neutral
28258	Food	Суп	670	673	neutral
28258	Food	паста	690	695	positive
28258	Food	соуса	727	732	positive
28258	Food	мясо утки	741	750	neutral
28258	Food	Пастой	752	758	neutral
28258	Food	салат с говядиной и карпаччо	791	819	negative
28258	Food	поели	931	936	positive
28258	Whole	ресторан	965	973	neutral
28258	Food	поварам	983	990	positive
28258	Service	персоналу	993	1002	positive
19503	Whole	заведение	34	43	negative
19503	Service	обслуживание	67	79	positive
19503	Service	администратор	134	147	positive
19503	Service	встретила	158	167	positive
19503	Service	посадила	174	182	positive
19503	Service	Обслуживала	239	250	positive
19503	Service	девушка - официант	270	286	positive
19503	Service	Заказывали	287	297	neutral
19503	Service	обслуживали	304	315	neutral
19503	Food	качестве блюда	374	388	neutral
19503	Service	Официант	390	398	neutral
19503	Service	обслуживающий персонал	406	428	positive
19503	Whole	"Художника """	478	488	neutral
19503	Whole	местом	512	518	neutral
37391	Whole	тратторию	98	107	neutral
37391	Food	Пицца	113	118	both
37391	Food	бутылку вина	186	198	neutral
37391	Service	Работа	226	232	positive
37391	Service	официантов	233	243	positive
37391	Service	обслуживания	347	359	both
37391	Food	продуктов	418	427	neutral
37391	Food	десерт семифреддо	465	482	positive
37391	Whole	провели время	524	537	positive
37391	Food	уют	572	575	positive
37391	Interior	атмосфера	602	611	positive
37391	Whole	ресторан	647	655	positive
14568	Whole	кафе	8	12	neutral
14568	Interior	интерьер	118	126	positive
14568	Interior	занавесочки	153	164	positive
14568	Interior	картин	198	204	neutral
14568	Food	еде	254	257	neutral
14568	Food	готовят	279	286	positive
14568	Food	судака с овощами и рисом	312	336	positive
14568	Food	кофе Борджиа	370	382	positive
14568	Food	восточных салатов	432	449	neutral
14568	Service	девушка	633	640	negative
14568	Service	человек	651	658	neutral
14568	Whole	местечко	788	796	neutral
14568	Price	ценами	819	825	positive
14568	Interior	обстановкой	846	857	positive
2495	Whole	кафе	42	46	neutral
2495	Food	поварам	84	91	positive
2495	Food	блюда	107	112	positive
2495	Service	бивштексы	129	138	negative
2495	Service	обслуживание	292	304	positive
2495	Interior	атмосферу	315	324	neutral
2495	Service	официантов	341	351	positive
2495	Whole	место	408	413	positive
2495	Food	кухней	429	435	positive
2495	Service	персоналом	455	465	negative
34402	Whole	место	21	26	neutral
34402	Whole	ресторанчик	191	202	positive
34402	Food	французской кухни	211	228	both
34402	Interior	атмосфера	367	376	both
34402	Whole	места	383	388	positive
34402	Food	кухня	399	404	neutral
34402	Food	меню	432	436	neutral
34402	Interior	комната	438	445	neutral
34402	Service	Аниматоры	496	505	negative
34402	Food	выбор вина	627	637	neutral
33524	Whole	место	66	71	negative
33524	Food	мясе	116	120	neutral
33524	Whole	Абажур	144	150	neutral
33524	Food	Мясо	152	156	positive
33524	Whole	заведении	215	224	negative
33524	Food	покушать	237	245	neutral
33524	Food	мяса	246	250	both
33524	Food	кухней	271	277	positive
33524	Whole	общение	310	317	neutral
33524	Service	официанта	318	327	neutral
33524	Service	Официанты	366	375	neutral
33524	Service	расскажут	399	408	neutral
33524	Food	блюдах	416	422	neutral
33524	Service	дадут совет	424	435	neutral
33524	Food	состав блюда	473	485	neutral
33524	Service	официантов	591	601	positive
33524	Food	кофе	631	635	neutral
33524	Food	Кухней	655	661	positive
33524	Whole	место	741	746	neutral
33524	Food	утку	782	786	neutral
33524	Food	попробовать	799	810	positive
33524	Food	повара	857	863	positive
33524	Food	кофе	911	915	both
33524	Interior	Интерьер	917	925	positive
33524	Interior	освещение	936	945	positive
33524	Whole	места	954	959	positive
33524	Interior	музыка	969	975	positive
33524	Whole	Абажур	1025	1031	positive
27375	Whole	ресторанчик	43	54	neutral
27375	Whole	пиво(	97	102	negative
27375	Food	ячменное	111	119	positive
27375	Food	суджук	125	131	neutral
27375	Food	закуски	146	153	both
27375	Interior	атмосфера	158	167	positive
27375	Service	персонал	181	189	positive
27375	Service	девушка	203	210	negative
27375	Service	администратор ресторана	221	244	positive
27375	Service	обслуживание	292	304	positive
27375	Service	подход к посетителям	318	338	positive
27375	Service	отношение к клиентам	353	373	positive
27375	Service	сервиса	425	432	positive
27375	Whole	заведений	481	490	negative
27375	Whole	места	557	562	negative
31071	Whole	заведение	11	20	negative
31071	Interior	зал	83	86	neutral
31071	Service	обслуживание	339	351	neutral
31071	Service	официанты	420	429	negative
31071	Service	официантка	531	541	neutral
31071	Food	блюда	560	565	neutral
31071	Interior	приборы	579	586	neutral
31071	Service	девушка из гардероба	630	650	neutral
31071	Interior	Интерьер	726	734	neutral
31071	Service	месторасположение	737	754	positive
31071	Whole	ресторана	755	764	positive
31071	Food	Кухня	778	783	positive
31071	Food	равиоли с трюфелями и рикоттой	825	855	negative
31071	Food	крем-суп из тыквы с пармезаном	867	897	neutral
31071	Food	блюда	952	957	positive
31071	Food	"Вино красное "" домашнее"	970	992	neutral
31071	Food	Чек на	1014	1020	neutral
31071	Food	девушек с вином	1023	1038	neutral
25960	Whole	местечку	75	83	positive
25960	Service	Обслуживание	144	156	positive
25960	Food	качество блюд	173	186	positive
25960	Food	качество еды	455	467	neutral
25960	Price	цены	501	505	neutral
25960	Whole	место	562	567	neutral
9837	Whole	ресторан	18	26	positive
9837	Food	кухня	81	86	neutral
9837	Food	порции	95	101	neutral
9837	Food	салат	126	131	negative
9837	Food	основное блюдо	148	162	both
9837	Food	размер порций	193	206	both
9837	Food	вино	236	240	neutral
9837	Interior	Интерьер	242	250	positive
9837	Interior	первый зал	292	302	neutral
9837	Whole	ресторанного	314	326	neutral
9837	Interior	интерьеру	382	391	neutral
9837	Whole	таверну	402	409	neutral
9837	Service	Обслуживание	411	423	neutral
9837	Service	официантки	460	470	positive
9837	Interior	атмосфера	514	523	neutral
27841	Food	кофе	36	40	neutral
27841	Service	обслуживающим персоналом	71	95	positive
27841	Food	Кофе	161	165	positive
27841	Food	тортики	175	182	positive
27841	Food	выпить	244	250	neutral
27841	Food	пивка	251	256	neutral
27841	Food	пива	264	268	neutral
27841	Food	кондитерская	317	329	neutral
27841	Food	напиток	352	359	neutral
27841	Food	Тиммерманс	377	387	neutral
27841	Food	Невское	390	397	neutral
27841	Food	закусочки	417	426	neutral
27841	Food	жаренные крылышки	430	447	neutral
27841	Food	кальмары	460	468	neutral
27841	Food	колечками лука	488	502	neutral
27841	Food	соуса	515	520	negative
27841	Food	соуса	532	537	neutral
27841	Service	девушка - официантка	573	591	neutral
27841	Food	соусе	608	613	neutral
27841	Service	предложила	615	625	neutral
27841	Service	принесла	644	652	neutral
27841	Interior	Интерьер	654	662	negative
27841	Interior	диванчики	691	700	neutral
27841	Interior	панель	714	720	neutral
27841	Interior	для некурящих	735	748	neutral
27841	Service	Обслуживание	750	762	neutral
27841	Whole	местечко	839	847	positive
3231	Whole	ресторане	103	112	both
3231	Interior	украшенный	145	155	positive
3231	Interior	зал	156	159	neutral
3231	Interior	интерьер	168	176	positive
3231	Service	персонал	195	203	positive
3231	Service	Обслуживание	207	219	neutral
3231	Service	официанты	281	290	positive
3231	Service	официанта	419	428	positive
3231	Service	обслуживала стол	473	489	positive
3231	Service	работники заведения	624	643	neutral
3231	Service	люди	713	717	positive
18780	Food	съесть	38	44	neutral
18780	Food	ролл	53	57	neutral
18780	Food	роллы	128	133	neutral
18780	Food	выбор	159	164	neutral
18780	Food	блюд	172	176	neutral
18780	Food	кухни	189	194	neutral
18780	Food	роллов	202	208	neutral
18780	Whole	кафе	220	224	neutral
18780	Whole	заведение	328	337	both
18780	Service	заказа столика	371	385	neutral
18780	Interior	веранда	493	500	neutral
18780	Price	ценам	505	510	negative
18780	Food	поесть	533	539	neutral
18780	Food	роллы	542	547	neutral
18780	Food	блюдо	567	572	neutral
18780	Food	десерт	573	579	neutral
18780	Food	холодные напитки	581	597	neutral
18780	Food	1450 - 1750р с человека	612	633	neutral
18780	Food	еды	646	649	neutral
18780	Whole	место	765	770	neutral
18780	Food	еды	803	806	negative
18780	Service	обслуживания	809	821	neutral
10798	Whole	место	68	73	neutral
10798	Interior	обстановке	155	165	positive
10798	Interior	свечи	198	203	negative
10798	Interior	кресла	238	244	positive
10798	Interior	свет	259	263	positive
10798	Interior	музыка	265	271	neutral
10798	Food	аромат	273	279	both
10798	Food	Японская кухня	300	314	positive
10798	Food	роллов	337	343	both
10798	Food	Европейская кухня	368	385	neutral
10798	Price	цены	443	447	positive
10798	Service	сервис	463	469	positive
10798	Service	девушки	480	487	positive
10798	Service	принесли заказ	502	516	positive
10798	Food	коктели	531	538	neutral
10798	Food	алкоголь	541	549	neutral
12131	Interior	Интерьер	61	69	neutral
12131	Interior	интерьер	71	79	positive
12131	Interior	интерьер	91	99	positive
12131	Interior	цветовое решение	109	125	neutral
12131	Food	Дача	224	228	neutral
12131	Whole	место	278	283	positive
12131	Food	чаем с пирожными	331	347	neutral
12131	Interior	обстановки	449	459	neutral
12131	Service	сервису	560	567	neutral
12131	Interior	приборы	709	716	positive
12131	Interior	посуда	719	725	positive
12131	Interior	столы	736	741	positive
12131	Interior	подоконники	750	761	negative
12131	Food	Кухня	780	785	neutral
12131	Food	сочетания	813	822	positive
12131	Food	порции	832	838	positive
12131	Food	десертам	884	892	neutral
12131	Interior	гардероб	958	966	neutral
12131	Interior	зонирование	976	987	neutral
12131	Whole	шиншилки	1009	1017	neutral
26152	Whole	ресторан	89	97	neutral
26152	Food	Саперави	250	258	neutral
26152	Interior	Интерьер	260	268	neutral
26152	Whole	ресторан	282	290	positive
26152	Interior	атмосферой	310	320	positive
26152	Interior	стены	401	406	positive
26152	Interior	мебель	418	424	positive
26152	Interior	интерьер	438	446	positive
26152	Service	встретили	496	505	neutral
26152	Service	проводили за	542	554	neutral
26152	Service	Обслуживали	576	587	positive
26152	Food	блюдо	633	638	neutral
26152	Service	Персонал	699	707	neutral
26152	Food	Кухня	760	765	neutral
26152	Food	хачапури по-аджарски	767	787	neutral
26152	Food	сыра	796	800	neutral
26152	Food	тесто	809	814	neutral
26152	Food	Салат с лососем	827	842	neutral
26152	Food	порция	853	859	neutral
26152	Food	заправка	871	879	positive
26152	Food	Салат от шеф-повара с курицей	901	930	positive
26152	Food	крем	1016	1020	negative
26152	Food	пропитка	1030	1038	negative
26152	Price	цены	1054	1058	neutral
26152	Whole	рестораны	1129	1138	neutral
26152	Food	кухней	1154	1160	neutral
26152	Service	обслуживанием	1171	1184	positive
28112	Whole	Ресторан	0	8	neutral
28112	Food	кухня	31	36	neutral
28112	Service	обслуживание	43	55	neutral
28112	Interior	интерьер	69	77	neutral
28112	Whole	заведений	236	245	positive
28112	Food	кухня	286	291	neutral
28112	Food	Порции	345	351	neutral
28112	Food	Качество мяса	375	388	neutral
28112	Food	Готовят	401	408	neutral
28112	Food	еде.	444	448	neutral
28112	Interior	Интерьер	448	456	neutral
28112	Food	тона	499	503	positive
28112	Interior	окна	568	572	negative
28112	Interior	проемы	636	642	both
28112	Service	Обслуживанию	671	683	neutral
28112	Service	официанты	734	743	neutral
28112	Interior	скатерть на	843	854	negative
28112	Food	поесть	942	948	positive
28112	Interior	музыка	969	975	negative
28112	Service	даму	1006	1010	neutral
7011	Whole	ресторане	16	25	neutral
7011	Interior	интерьер	143	151	positive
7011	Interior	зал	222	225	neutral
7011	Interior	окна	235	239	neutral
7011	Interior	двор	267	271	positive
7011	Service	отношение к клиенту	302	321	both
7011	Food	кухня	377	382	neutral
7011	Food	Меню	384	388	neutral
7011	Interior	теплый	494	500	neutral
7011	Food	салат из говядины	501	518	neutral
7011	Food	баклажаны , запеченные с сыром	520	549	neutral
7011	Food	мясная , сырная , рыбная тарелки	551	581	neutral
7011	Food	мясо и рыба гриль	583	600	neutral
7011	Food	рататуй	602	609	neutral
7011	Food	десерт - пальчики	692	709	neutral
7011	Food	блюда	739	744	neutral
7011	Interior	оформленные	777	788	positive
7011	Whole	ресторанах	875	885	positive
7011	Service	накрытия	965	973	neutral
7011	Food	блюд	977	981	neutral
7011	Whole	"Трефо """	995	1001	positive
7011	Service	обслуживание	1044	1056	positive
7011	Interior	оформление зала	1060	1075	neutral
7011	Food	еда	1079	1082	neutral
7011	Whole	ресторану	1149	1158	positive
7011	Whole	провести время	1221	1235	positive
33043	Interior	Интерьер	33	41	neutral
33043	Interior	музыка	63	69	positive
33043	Service	девушки	85	92	positive
33043	Food	еда	103	106	positive
33043	Food	Рубленные	165	174	neutral
33043	Food	котлетки из лосося и судака с голландским соусом и белой спаржей	175	239	neutral
33043	Food	куриное филе с котлетками из кабачков	241	278	neutral
33043	Food	салат из тунца	280	294	neutral
33043	Food	десерт с бананами	296	313	neutral
33043	Food	блюдо	387	392	neutral
33043	Service	Обслуживание	409	421	neutral
33043	Food	перекусить	549	559	neutral
33043	Service	девушка хостес	561	575	both
33043	Whole	место	701	706	positive
33043	Service	принес	714	720	negative
33043	Service	официант меню	721	734	negative
33043	Service	заказали	782	790	both
33043	Service	заказ принесли	792	806	positive
33043	Food	приготовили	880	891	neutral
33043	Food	чашку с кофе	966	978	negative
20862	Service	встречей	58	66	positive
20862	Service	сервисом	70	78	neutral
20862	Food	кухней	82	88	negative
20862	Price	порядок цен	116	127	positive
20862	Whole	ресторана	191	200	positive
20862	Service	встретили	291	300	neutral
20862	Service	проводили	302	311	neutral
20862	Service	посадили	313	321	positive
20862	Service	принесли меню	323	336	both
20862	Service	официантка	343	353	neutral
20862	Service	подошла	439	446	positive
20862	Food	пасту	457	462	positive
20862	Food	свежевыжатый сок	464	480	both
20862	Food	напитки	482	489	neutral
20862	Food	порция	562	568	neutral
20862	Food	пасты	569	574	neutral
20862	Food	порцию	638	644	negative
20862	Food	Цезарь - салат	708	720	neutral
20862	Food	американо	723	732	negative
33252	Whole	ресторан	96	104	neutral
33252	Whole	заведения	199	208	neutral
33252	Food	Пиво	212	216	neutral
33252	Food	свежесваренное	306	320	neutral
33252	Food	пиво	321	325	neutral
33252	Food	разливное	382	391	both
33252	Food	бутылочное	395	405	neutral
33252	Food	кухня	426	431	positive
33252	Food	закуски	483	490	neutral
33252	Food	горячее	494	501	both
33252	Service	обслуживали	581	592	neutral
33252	Service	официантов	609	619	neutral
33252	Food	блюда	633	638	neutral
33252	Food	напитки	641	648	neutral
33252	Interior	посуда	686	692	neutral
33252	Service	обслуживание	791	803	negative
33252	Service	Развлекательная программа ресторана	833	868	positive
33252	Food	попили	897	903	neutral
33252	Food	поели	906	911	neutral
33252	Service	персоналу Паберти	1069	1086	positive
34956	Whole	ресторанчик	99	110	positive
34956	Food	Кушали	132	138	neutral
34956	Food	кухня	175	180	positive
34956	Food	котлетки из лосося с пюре	200	225	positive
34956	Food	канадский ролл	228	242	neutral
34956	Whole	заведения	289	298	positive
34956	Food	котлетки	302	310	neutral
34956	Food	роллы	313	318	positive
34956	Food	приготовлены	357	369	negative
34956	Food	Ролл	429	433	neutral
34956	Food	блюда из	492	500	neutral
34956	Food	заведений японской кухни	532	556	positive
34956	Service	официанту	682	691	negative
34956	Service	шеф-повар	717	726	neutral
34956	Food	меню	729	733	neutral
34956	Food	котлетки из лосося и креветок	793	822	neutral
34956	Food	блюда	883	888	positive
34956	Food	суп из двух рыб	903	918	neutral
34956	Food	стейк из лосося	920	935	neutral
34956	Food	бефстроганов с пюре	938	957	neutral
34956	Interior	Интерьер	959	967	neutral
34956	Service	обслуживание	1018	1030	negative
34956	Service	администраторы	1163	1177	neutral
34956	Whole	ресторанов	1189	1199	neutral
34956	Food	котлетки	1253	1261	neutral
9289	Whole	ресторане	20	29	neutral
9289	Service	администратор	116	129	both
9289	Food	меню	142	146	both
9289	Interior	Обстановка	194	204	positive
9289	Interior	радио	250	255	negative
9289	Interior	музыка	337	343	positive
9289	Food	блюд из мяса	395	407	neutral
9289	Food	цены на	428	435	positive
9289	Food	утку по-пекински	460	476	neutral
9289	Food	порции	533	539	positive
9289	Food	суп	566	569	neutral
9289	Food	Пиво	619	623	negative
9289	Food	эль	626	629	positive
9289	Service	обслуживание	645	657	positive
9289	Service	девушки	670	677	positive
9289	Service	администратор	690	703	positive
9289	Service	расскажут	720	729	neutral
9289	Service	объяснят	746	754	neutral
9289	Food	соус	762	766	neutral
9289	Interior	Интерьер	881	889	positive
9289	Interior	фантанчик	944	953	positive
9289	Service	администратор	1038	1051	both
14539	Food	перекусить	53	63	both
14539	Food	шашлыки из свинины	74	92	neutral
14539	Food	овощи на гриле	94	108	neutral
14539	Food	"картофель "" Айдахо """	110	128	neutral
14539	Food	домашнему морсу	132	147	neutral
14539	Food	сухого вина	180	191	neutral
14539	Food	шашлык	233	239	positive
14539	Food	шампуре	243	250	neutral
14539	Food	Овощи на гриле	303	317	neutral
14539	Food	""" Айдахо """	320	328	positive
14539	Food	кухня	361	366	positive
14539	Whole	"Интерьер "" Ресторанчика """	377	400	neutral
14539	Service	Обслуживание	545	557	positive
14539	Service	официантка	603	613	neutral
14539	Food	морс	636	640	neutral
14539	Interior	стаканы	679	686	neutral
14539	Service	официантке	759	769	neutral
14539	Service	Обслуживали	926	937	neutral
14539	Service	девушка	942	949	neutral
14539	Service	молодой человек	952	967	neutral
14539	Interior	посуду	1053	1059	neutral
14539	Service	Счет принесли	1101	1114	neutral
14539	Whole	заведение	1158	1167	negative
15567	Whole	ресторанах	21	31	neutral
15567	Service	чаевыми	93	100	positive
15567	Whole	ресторане	136	145	positive
15567	Food	пасту	404	409	neutral
15567	Food	суши	412	416	neutral
15567	Food	Паста	418	423	neutral
15567	Food	макароны	455	463	negative
15567	Food	соусом	477	483	neutral
15567	Food	суши	487	491	neutral
15567	Food	готовились	517	527	neutral
15567	Whole	ресторане	597	606	positive
15567	Service	Официантка	609	619	neutral
15567	Food	горячие полотенца	748	765	neutral
15567	Service	месторасположение	888	905	both
15567	Interior	интерьер	907	915	neutral
15567	Food	кухня	917	922	positive
15567	Service	организация работы	927	945	negative
15567	Service	повар	1040	1045	neutral
15567	Service	обслужить	1063	1072	neutral
15567	Service	девушка официантка	1095	1113	neutral
15567	Food	еды	1186	1189	both
15567	Whole	заведение	1220	1229	negative
36926	Whole	ресторане	37	46	neutral
36926	Whole	место	81	86	neutral
36926	Food	кухня	99	104	both
36926	Interior	интерьер	113	121	positive
36926	Service	официанты	140	149	positive
36926	Interior	атмосфера	171	180	positive
36926	Food	порции	238	244	negative
36926	Price	ценник	281	287	neutral
36926	Food	еда	303	306	neutral
36926	Food	омлет по-баварски	365	382	neutral
36926	Food	салат с теплой куриной печенью	390	420	neutral
36926	Food	пиво	428	432	neutral
36926	Food	белого вина	453	464	neutral
36512	Whole	ресторан	50	58	neutral
36512	Whole	место	111	116	neutral
36512	Whole	ресторана	215	224	neutral
36512	Interior	атмосфера	235	244	neutral
36512	Interior	интерьер	286	294	positive
36512	Interior	кресла	311	317	positive
36512	Interior	диванчики	320	329	positive
36512	Interior	музыка	350	356	positive
36512	Food	меню	367	371	neutral
36512	Food	блюда	388	393	positive
36512	Service	персонал	420	428	both
36512	Service	персоналу	461	470	positive
36512	Service	отношение к	487	498	positive
36512	Interior	декорированные	539	553	neutral
36512	Interior	свадебный зал	567	580	neutral
36512	Interior	столы	583	588	negative
36512	Service	шефу	609	613	neutral
36512	Food	поварам	621	628	neutral
36512	Food	блюда	668	673	positive
36512	Service	управляющей рестораном	739	761	positive
36512	Interior	декорировании	839	852	neutral
36512	Interior	зала	864	868	neutral
36512	Service	организовала	880	892	positive
36512	Whole	ресторан	1021	1029	neutral
36512	Food	покушать	1030	1038	neutral
36512	Whole	Ресторан	1066	1074	neutral
36512	Whole	гостиницы	1099	1108	neutral
36512	Whole	Hotel	1115	1120	neutral
36512	Whole	гостиница	1145	1154	neutral
36512	Interior	номерами	1203	1211	positive
11532	Food	пообедать	43	52	both
11532	Whole	ресторане	55	64	neutral
11532	Interior	Интерьер	165	173	positive
11532	Interior	аквариум	237	245	negative
11532	Interior	рыбками	258	265	positive
11532	Service	официанты	297	306	positive
11532	Interior	Окна в пол	320	330	neutral
11532	Interior	вид на	333	339	positive
11532	Food	Цены	365	369	negative
11532	Whole	заведению	385	394	negative
11532	Food	Кофе	396	400	neutral
11532	Food	чай с мятой	402	413	positive
11532	Food	цезарь с тунцом	431	446	negative
11532	Food	тунец	462	467	positive
11532	Food	суп-пюре картофельный	470	491	neutral
11532	Food	ягодный сорбет	547	561	positive
11532	Food	пасту с морепродуктами	565	587	positive
11532	Food	десерт	620	626	neutral
11532	Food	мороженое	627	636	neutral
11532	Food	мороженого	682	692	neutral
11532	Service	Обслуживают	708	719	neutral
11532	Price	счет	764	768	neutral
11532	Price	счет	824	828	both
11532	Service	официанты	890	899	negative
11532	Food	Хлебная корзинка	925	941	positive
5155	Whole	заведения	14	23	positive
5155	Food	кухня	47	52	positive
5155	Service	обслуживание	66	78	neutral
5155	Food	баклажаны	88	97	neutral
5155	Whole	заведении	111	120	negative
5155	Food	блюда	147	152	neutral
5155	Food	запеченных баклажан	204	223	neutral
5155	Food	сырной корочкой и базиликом	251	278	neutral
5155	Food	суп из морепрдуктов	294	313	neutral
5155	Food	поели	463	468	positive
5155	Food	выпили	471	477	positive
5155	Food	глинтвейн	494	503	neutral
31004	Interior	Интерьер	271	279	neutral
31004	Food	блюда	303	308	neutral
31004	Food	курицы	343	349	neutral
31004	Food	конину	375	381	positive
31004	Food	конину	471	477	neutral
31004	Food	блюда	526	531	neutral
31004	Food	соли	603	607	neutral
31004	Food	специй	617	623	neutral
31004	Food	еда	644	647	negative
31004	Service	официанты	688	697	neutral
31004	Food	специй	749	755	neutral
31004	Food	салат из зелени и овощей	851	875	neutral
31004	Food	Цены	908	912	negative
31004	Food	кухне	943	948	negative
2606	Whole	заведения	23	32	both
2606	Whole	Местечко	87	95	positive
2606	Interior	интерьер	104	112	positive
2606	Food	кухня	151	156	positive
2606	Service	официантка	201	211	positive
2606	Service	принесла меню	212	225	positive
2606	Service	подошла	253	260	positive
2606	Service	взять заказ	261	272	positive
2606	Service	принесла	288	296	neutral
2606	Food	пиво	297	301	neutral
2606	Food	закуски	315	322	neutral
2606	Service	официантка	364	374	neutral
2606	Service	ждать	462	467	negative
2606	Price	счет	502	506	negative
2606	Service	официантка	559	569	negative
2606	Service	принесла	639	647	neutral
2606	Price	счет	654	658	negative
2606	Whole	заведение	788	797	negative
3552	Food	пицца	92	97	both
3552	Food	салаты на закуску	100	117	positive
3552	Food	выбор горячих блюд	127	145	neutral
3552	Food	приготовления	195	208	positive
3552	Food	блюдами	226	233	positive
3552	Food	большой торт тирамису	244	265	neutral
3552	Food	десерт	269	275	neutral
3552	Interior	музыка	415	421	positive
3552	Service	официанты	442	451	both
3552	Service	администраторы	454	468	positive
3552	Interior	обстановку	520	530	positive
29395	Whole	Ресторан	0	8	positive
29395	Whole	ресторане	89	98	neutral
29395	Food	Кухня	204	209	positive
29395	Service	обслуживание	225	237	positive
29395	Whole	ресторанах	302	312	neutral
29395	Food	блюда	343	348	neutral
29395	Food	шампанское	350	360	neutral
29395	Food	шампанское	403	413	positive
29395	Food	кушали	510	516	both
29395	Food	кушали	518	524	neutral
29395	Food	едой	555	559	neutral
29395	Whole	ресторане	632	641	neutral
29395	Interior	музыка	657	663	positive
29395	Whole	ресторан	870	878	neutral
29395	Food	""""	932	933	neutral
7154	Whole	ресторан	20	28	positive
7154	Service	персонал	130	138	positive
7154	Food	Готовят	197	204	positive
7154	Food	мясные салаты	233	246	positive
7154	Food	пироги	249	255	neutral
7154	Food	пиво	280	284	neutral
7154	Whole	место	393	398	positive
35325	Whole	местечко	22	30	positive
35325	Food	блюда	50	55	positive
35325	Interior	Интерьер	57	65	neutral
35325	Service	сервис	68	74	neutral
35325	Food	Блюда	138	143	neutral
35325	Whole	места	242	247	negative
35325	Service	кол-во людей	253	265	negative
35325	Service	официанты	318	327	positive
35325	Food	повара	330	336	positive
35325	Service	обслуживания	392	404	both
35325	Whole	место	441	446	positive
5974	Interior	интерьер	9	17	positive
5974	Interior	атмосфера	28	37	positive
5974	Interior	живая музыка	40	52	positive
5974	Food	оформление блюд	77	92	neutral
5974	Whole	ресторан	156	164	negative
5974	Interior	зале	228	232	neutral
5974	Service	обслуживание	298	310	neutral
5974	Service	поваров	321	328	neutral
5974	Service	официантов	333	343	neutral
5974	Service	Ждал	346	350	negative
5974	Food	квас	445	449	negative
5974	Service	официантка	497	507	positive
5974	Whole	пункте	785	791	negative
5974	Service	официантка	803	813	negative
5974	Service	посетитель	820	830	neutral
19817	Food	поужинать	30	39	neutral
19817	Interior	атмосфера	87	96	positive
19817	Interior	музыка	112	118	positive
19817	Whole	заведении	252	261	positive
19817	Food	Кухня	306	311	positive
19817	Food	японскую кухню	344	358	neutral
19817	Price	ценам	414	419	both
19817	Food	ассортимента	481	493	neutral
19817	Food	роллов	494	500	neutral
19817	Food	Супы	535	539	positive
19817	Food	свежевыжатые	577	589	positive
19817	Food	соки	590	594	positive
19817	Food	Драники с беконом	657	674	neutral
19817	Food	порция	691	697	neutral
19817	Service	обслуживанием	727	740	negative
19817	Service	официантку	783	793	neutral
19817	Service	карту	1019	1024	both
19817	Service	обслуживанием	1113	1126	positive
19817	Whole	место	1183	1188	neutral
19817	Food	суши	1221	1225	neutral
19817	Food	роллы	1228	1233	neutral
9216	Whole	ресторан	14	22	neutral
9216	Interior	зал	102	105	both
9216	Interior	кондеями	108	116	both
9216	Interior	Интерьер	117	125	positive
9216	Service	обслуживание	137	149	positive
9216	Whole	ресторан	171	179	neutral
9216	Service	встретили	344	353	both
9216	Food	хлеб	425	429	neutral
9216	Food	напитки	431	438	neutral
9216	Food	холодные нарезки	441	457	neutral
9216	Service	офицанта	531	539	neutral
9216	Food	салаты	553	559	neutral
9216	Food	порции	783	789	neutral
9216	Food	еды	853	856	negative
9216	Food	кухня	897	902	neutral
9216	Service	офицант	925	932	neutral
9216	Service	админестратор	935	948	neutral
9216	Service	контенера	1040	1049	neutral
8996	Whole	пабе Метрополь	18	32	neutral
8996	Service	швейцар	83	90	neutral
8996	Food	стойка с	98	106	neutral
8996	Interior	гардеробная	146	157	positive
8996	Interior	лестница	168	176	positive
8996	Interior	Интерьер	178	186	positive
8996	Whole	заведение	230	239	neutral
8996	Interior	столы	285	290	neutral
8996	Interior	стулья	300	306	negative
8996	Interior	телевизоры	313	323	neutral
8996	Service	официант	388	396	positive
8996	Price	цены	484	488	neutral
8996	Food	пивом	536	541	positive
8996	Whole	вечер	652	657	positive
8996	Whole	месте	670	675	neutral
8996	Food	Порции	696	702	neutral
8996	Food	пиво	719	723	neutral
8996	Food	блюда	733	738	positive
8996	Whole	впечатления от паба	808	827	positive
8996	Service	персоналу	848	857	positive
8996	Whole	ресторанного комплекса	858	880	positive
8996	Interior	красоту	955	962	positive
8996	Interior	интерьеры	967	976	positive
38299	Whole	заведение	74	83	negative
38299	Whole	заведение	167	176	negative
38299	Interior	обстановка	211	221	positive
38299	Service	обслуживание	236	248	positive
38299	Interior	диванчики	258	267	positive
38299	Interior	зала	273	277	neutral
38299	Interior	Интерьер	341	349	neutral
38299	Food	детская с игрушками	435	454	positive
38299	Interior	гостиная комната	457	473	neutral
38299	Service	Официанта	519	528	neutral
38299	Service	подошли	561	568	positive
38299	Service	приняли заказ	571	584	positive
38299	Food	еды	618	621	negative
38299	Food	салат с треской	633	648	negative
38299	Service	официант	662	670	neutral
38299	Food	дораду в азиатском стиле	674	698	positive
38299	Food	мясному	732	739	negative
38299	Food	тайский салат с говядиной	741	766	neutral
38299	Food	стейк рибай	769	780	neutral
38299	Food	напитков	785	793	neutral
38299	Food	коктейли	812	820	neutral
38299	Food	салатики	871	879	neutral
38299	Food	порции	899	905	neutral
38299	Food	заправкой	919	928	neutral
38299	Food	дорада на тушеных овощах	930	954	neutral
38299	Food	стейк-большой	958	971	neutral
38299	Food	кусок мяса	981	991	neutral
38299	Food	прожаркой	1005	1014	neutral
37819	Whole	ресторан	21	29	neutral
37819	Food	карпоратив	44	54	neutral
37819	Whole	"кафе "" Кон-Коронель """	93	112	neutral
37819	Service	программа	286	295	positive
37819	Service	ведущая	298	305	negative
37819	Interior	атмосферу	398	407	positive
37819	Food	кухни	418	423	neutral
37819	Service	обслуживания	426	438	neutral
37819	Service	официанты	464	473	positive
37819	Service	администратору	580	594	positive
37819	Whole	ресторану	745	754	positive
37819	Service	персоналу	763	772	positive
37819	Whole	вечер	789	794	positive
37819	Interior	места для	827	836	neutral
37819	Whole	Кон-Коронель	883	895	neutral
11770	Food	пиво	49	53	neutral
11770	Food	сырные палочки	55	69	neutral
11770	Service	обслуживание	79	91	neutral
11770	Whole	ресторане	117	126	neutral
11770	Whole	ресторан	173	181	neutral
11770	Food	блюда	267	272	neutral
11770	Food	ягод	310	314	neutral
11770	Food	фрукта	319	325	neutral
11770	Food	мясе	351	355	neutral
11770	Food	мясо	448	452	neutral
11770	Food	стейк	462	467	neutral
11770	Food	стейка	547	553	positive
11770	Food	приготовления	599	612	neutral
11770	Food	мясо	660	664	neutral
11770	Food	повара	800	806	neutral
11770	Food	стейк	831	836	neutral
11770	Food	блюдо тартар с сырой рыбой и сырым яйцом	896	936	neutral
11770	Service	Официанты	938	947	neutral
11770	Service	обстановкая	976	987	positive
11770	Whole	ресторан	1007	1015	neutral
